<?xml version="1.0" encoding="UTF-8"?>
<project-private xmlns="http://www.netbeans.org/ns/project-private/1">
    <editor-bookmarks xmlns="http://www.netbeans.org/ns/editor-bookmarks/2" lastBookmarkId="0"/>
    <open-files xmlns="http://www.netbeans.org/ns/projectui-open-files/2">
        <group>
            <file>file:/C:/xampp/htdocs/credit-projects/class/Users.php</file>
            <file>file:/C:/xampp/htdocs/credit-projects/admin/create-users.php</file>
            <file>file:/C:/xampp/htdocs/credit-projects/admin/manage-users.php</file>
            <file>file:/C:/xampp/htdocs/credit-projects/admin/post-and-get/users.php</file>
        </group>
    </open-files>
</project-private>
