<?xml version="1.0" encoding="UTF-8"?>
<project-private xmlns="http://www.netbeans.org/ns/project-private/1">
    <editor-bookmarks xmlns="http://www.netbeans.org/ns/editor-bookmarks/2" lastBookmarkId="0"/>
    <open-files xmlns="http://www.netbeans.org/ns/projectui-open-files/2">
        <group>
            <file>file:/C:/xampp/htdocs/credit-projects/admin/edit-customer.php</file>
            <file>file:/C:/xampp/htdocs/credit-projects/admin/add-new-customer.php</file>
            <file>file:/C:/xampp/htdocs/credit-projects/admin/post-and-get/customer.php</file>
            <file>file:/C:/xampp/htdocs/credit-projects/class/PettyCash.php</file>
            <file>file:/C:/xampp/htdocs/credit-projects/class/Installment.php</file>
            <file>file:/C:/xampp/htdocs/credit-projects/admin/view-customer.php</file>
            <file>file:/C:/xampp/htdocs/credit-projects/admin/cash-book.php</file>
        </group>
    </open-files>
</project-private>
